"status","classification","tab","pool","row","stockIdCell","product","accountMasked","profile","seller","orderIdMasked","accountCondition","stockIdState","candidateCount","candidateCause","strongerEvidenceForReview","explicitStockRelations","databaseStockStatuses","managedAccountRelations","activeManagedAccountRelations","orderRelations","deliveredOrderRelations","activeReservation","availableInDatabaseNow","canBecomeAvailableOnNextSync","canEnterCatalogNow","canCheckoutNow","canReserveNow","canFulfillNow","invalidType","unsafeLegacyRecordCount","recommendation","engineReason"
"AMBIGUOUS","AVAILABLE_WITHOUT_STOCK_ID","Disney","DISNEY_3U","4","'Disney'!Z4","Disney+","kav***@gmail.com","Pumpkin","","","NORMAL","EMPTY","3","EXPLICIT_ROW_RELATION_MULTIPLE","","1","available","2","0","0","0","false","true","true","true","true","true","true","","0","","3 kandidat VPS memenuhi relasi exact"
"AMBIGUOUS","PROBLEM_OR_DISABLED","Netflix","NETFLIX_2U","13","'Netflix'!AA13","Netflix Premium","Lis***@wesaveearth.xyz","e","Lavina","","BERMASALAH","EMPTY","2","EXPLICIT_ROW_RELATION_MULTIPLE","UNIQUE_HISTORICAL_FULFILLMENT_RELATION|UNIQUE_ACTIVE_MANAGED_ACCOUNT_RELATION","2","removed|sold","5","1","1","1","false","false","false","false","false","false","false","","0","","2 kandidat VPS memenuhi relasi exact"
"AMBIGUOUS","SOLD_HISTORICAL","Netflix","NETFLIX_2U","14","'Netflix'!AA14","Netflix Premium","man***@kiyaw.com","Alsky","kya","","NORMAL","EMPTY","2","EXPLICIT_ROW_RELATION_MULTIPLE","UNIQUE_ACTIVE_MANAGED_ACCOUNT_RELATION","1","sold","274","2","0","0","false","false","false","false","false","false","false","","0","","2 kandidat VPS memenuhi relasi exact"
"AMBIGUOUS","SOLD_HISTORICAL","Netflix","NETFLIX_2U","15","'Netflix'!AA15","Netflix Premium","man***@kiyaw.com","Alsky","sena","","NORMAL","EMPTY","3","EXPLICIT_ROW_RELATION_MULTIPLE","UNIQUE_HISTORICAL_FULFILLMENT_RELATION|UNIQUE_ACTIVE_MANAGED_ACCOUNT_RELATION","1","sold","276","2","1","1","false","false","false","false","false","false","false","","0","","3 kandidat VPS memenuhi relasi exact"
"AMBIGUOUS","SOLD_HISTORICAL","Netflix","NETFLIX_2U","16","'Netflix'!AA16","Netflix Premium","man***@kiyaw.com","Belva","sena","","NORMAL","EMPTY","2","EXPLICIT_ROW_RELATION_MULTIPLE","UNIQUE_ACTIVE_MANAGED_ACCOUNT_RELATION","1","sold","3","2","0","0","false","false","false","false","false","false","false","","0","","2 kandidat VPS memenuhi relasi exact"
"AMBIGUOUS","SOLD_HISTORICAL","Netflix","NETFLIX_2U","17","'Netflix'!AA17","Netflix Premium","man***@kiyaw.com","Belva","lover","","NORMAL","EMPTY","2","EXPLICIT_ROW_RELATION_MULTIPLE","UNIQUE_ACTIVE_MANAGED_ACCOUNT_RELATION","1","sold","3","2","0","0","false","false","false","false","false","false","false","","0","","2 kandidat VPS memenuhi relasi exact"
"AMBIGUOUS","SOLD_HISTORICAL","Netflix","NETFLIX_2U","18","'Netflix'!AA18","Netflix Premium","man***@kiyaw.com","Charlie","Lavina","","NORMAL","EMPTY","3","EXPLICIT_ROW_RELATION_MULTIPLE","UNIQUE_ACTIVE_MANAGED_ACCOUNT_RELATION","1","sold","5","2","2","2","false","false","false","false","false","false","false","","0","","3 kandidat VPS memenuhi relasi exact"
"AMBIGUOUS","SOLD_HISTORICAL","Netflix","NETFLIX_2U","19","'Netflix'!AA19","Netflix Premium","man***@kiyaw.com","Charlie","sena","","NORMAL","EMPTY","2","EXPLICIT_ROW_RELATION_MULTIPLE","UNIQUE_ACTIVE_MANAGED_ACCOUNT_RELATION","1","sold","3","2","0","0","false","false","false","false","false","false","false","","0","","2 kandidat VPS memenuhi relasi exact"
"AMBIGUOUS","SOLD_HISTORICAL","Netflix","NETFLIX_2U","20","'Netflix'!AA20","Netflix Premium","man***@kiyaw.com","Dillo","val","","NORMAL","EMPTY","3","EXPLICIT_ROW_RELATION_MULTIPLE","UNIQUE_ACTIVE_MANAGED_ACCOUNT_RELATION","1","sold","33","2","12","2","true","false","false","false","false","false","false","","0","","3 kandidat VPS memenuhi relasi exact"
"AMBIGUOUS","SOLD_HISTORICAL","Netflix","NETFLIX_2U","21","'Netflix'!AA21","Netflix Premium","man***@kiyaw.com","Dillo","Lavina","","NORMAL","EMPTY","2","EXPLICIT_ROW_RELATION_MULTIPLE","UNIQUE_HISTORICAL_FULFILLMENT_RELATION|UNIQUE_ACTIVE_MANAGED_ACCOUNT_RELATION","1","sold","31","2","1","1","false","false","false","false","false","false","false","","0","","2 kandidat VPS memenuhi relasi exact"
"AMBIGUOUS","SOLD_HISTORICAL","Netflix","NETFLIX_2U","22","'Netflix'!AA22","Netflix Premium","man***@kiyaw.com","Erny","Lavina","","NORMAL","EMPTY","3","EXPLICIT_ROW_RELATION_MULTIPLE","UNIQUE_HISTORICAL_FULFILLMENT_RELATION|UNIQUE_ACTIVE_MANAGED_ACCOUNT_RELATION","1","sold","190","2","2","1","true","false","false","false","false","false","false","","0","","3 kandidat VPS memenuhi relasi exact"
"AMBIGUOUS","SOLD_HISTORICAL","Netflix","NETFLIX_2U","23","'Netflix'!AA23","Netflix Premium","man***@kiyaw.com","Erny","val","","NORMAL","EMPTY","2","EXPLICIT_ROW_RELATION_MULTIPLE","UNIQUE_HISTORICAL_FULFILLMENT_RELATION|UNIQUE_ACTIVE_MANAGED_ACCOUNT_RELATION","1","sold","189","2","1","1","false","false","false","false","false","false","false","","0","","2 kandidat VPS memenuhi relasi exact"
"AMBIGUOUS","SOLD_HISTORICAL","Netflix","NETFLIX_2U","24","'Netflix'!AA24","Netflix Premium","kok***@Kya.baby","Baguette 🥖","lavina","","NORMAL","EMPTY","2","EXPLICIT_ROW_RELATION_MULTIPLE","UNIQUE_ACTIVE_MANAGED_ACCOUNT_RELATION","1","sold","2","1","0","0","false","false","false","false","false","false","false","","0","","2 kandidat VPS memenuhi relasi exact"
"AMBIGUOUS","SOLD_HISTORICAL","Netflix","NETFLIX_2U","25","'Netflix'!AA25","Netflix Premium","kok***@Kya.baby","Croissant 🥐","neeca","","NORMAL","EMPTY","2","EXPLICIT_ROW_RELATION_MULTIPLE","UNIQUE_HISTORICAL_FULFILLMENT_RELATION|UNIQUE_ACTIVE_MANAGED_ACCOUNT_RELATION","1","sold","4","1","1","1","false","false","false","false","false","false","false","","0","","2 kandidat VPS memenuhi relasi exact"
"AMBIGUOUS","SOLD_HISTORICAL","Netflix","NETFLIX_2U","26","'Netflix'!AA26","Netflix Premium","kok***@Kya.baby","Bagel 🥯","g.lo","MAN-2607***03-1","NORMAL","EMPTY","2","EXPLICIT_ROW_RELATION_MULTIPLE","UNIQUE_ACTIVE_MANAGED_ACCOUNT_RELATION","1","sold","2","1","0","0","false","false","false","false","false","false","false","","0","","2 kandidat VPS memenuhi relasi exact"
"AMBIGUOUS","AVAILABLE_WITHOUT_STOCK_ID","Netflix","NETFLIX_2U","27","'Netflix'!AA27","Netflix Premium","kok***@Kya.baby","Toast 🍞","","","NORMAL","EMPTY","2","EXPLICIT_ROW_RELATION_MULTIPLE","UNIQUE_MANAGED_ROW_RELATION","1","available","1","0","0","0","false","true","true","true","true","true","true","","0","","2 kandidat VPS memenuhi relasi exact"
"AMBIGUOUS","AVAILABLE_WITHOUT_STOCK_ID","Netflix","NETFLIX_2U","28","'Netflix'!AA28","Netflix Premium","kok***@Kya.baby","Pretzel 🥨","","","NORMAL","EMPTY","2","EXPLICIT_ROW_RELATION_MULTIPLE","UNIQUE_MANAGED_ROW_RELATION","1","available","2","1","0","0","false","true","true","true","true","true","true","","0","","2 kandidat VPS memenuhi relasi exact"
"AMBIGUOUS","AVAILABLE_WITHOUT_STOCK_ID","Netflix","NETFLIX_2U","29","'Netflix'!AA29","Netflix Premium","kok***@Kya.baby","Baguette 🥖","","","NORMAL","EMPTY","2","EXPLICIT_ROW_RELATION_MULTIPLE","UNIQUE_MANAGED_ROW_RELATION|UNIQUE_HISTORICAL_FULFILLMENT_RELATION","1","available","3","1","1","1","false","true","true","true","true","true","true","","0","","2 kandidat VPS memenuhi relasi exact"
"AMBIGUOUS","AVAILABLE_WITHOUT_STOCK_ID","Netflix","NETFLIX_2U","30","'Netflix'!AA30","Netflix Premium","kok***@Kya.baby","Croissant 🥐","","","NORMAL","EMPTY","2","EXPLICIT_ROW_RELATION_MULTIPLE","UNIQUE_MANAGED_ROW_RELATION","1","available","2","1","0","0","false","true","true","true","true","true","true","","0","","2 kandidat VPS memenuhi relasi exact"
"AMBIGUOUS","AVAILABLE_WITHOUT_STOCK_ID","Netflix","NETFLIX_2U","31","'Netflix'!AA31","Netflix Premium","kok***@Kya.baby","Bagel 🥯","","","NORMAL","EMPTY","2","EXPLICIT_ROW_RELATION_MULTIPLE","UNIQUE_MANAGED_ROW_RELATION|UNIQUE_HISTORICAL_FULFILLMENT_RELATION","1","available","3","1","1","1","false","true","true","true","true","true","true","","0","","2 kandidat VPS memenuhi relasi exact"
"AMBIGUOUS","AVAILABLE_WITHOUT_STOCK_ID","Netflix","NETFLIX_2U","32","'Netflix'!AA32","Netflix Premium","kok***@Kya.baby","Toast 🍞","","","NORMAL","EMPTY","2","EXPLICIT_ROW_RELATION_MULTIPLE","UNIQUE_MANAGED_ROW_RELATION","1","available","1","0","0","0","false","true","true","true","true","true","true","","0","","2 kandidat VPS memenuhi relasi exact"
"AMBIGUOUS","SOLD_HISTORICAL","Netflix","NETFLIX_2U","33","'Netflix'!AA33","Netflix Premium","kok***@Kya.baby","Pretzel 🥨","Nadia","ORD-MS18***RN1V","NORMAL","EMPTY","2","EXPLICIT_ROW_RELATION_MULTIPLE","UNIQUE_ACTIVE_MANAGED_ACCOUNT_RELATION","1","sold","3","1","2","2","false","false","false","false","false","false","false","","0","","2 kandidat VPS memenuhi relasi exact"
"AMBIGUOUS","SOLD_HISTORICAL","Netflix","NETFLIX_SHARED","5","'Netflix'!M5","Netflix Premium","rhb***@vya.baby","b","nadia","","NORMAL","EMPTY","3","EXPLICIT_ROW_RELATION_MULTIPLE","UNIQUE_HISTORICAL_FULFILLMENT_RELATION","0","","7","0","1","1","false","false","false","false","false","false","false","","0","","3 kandidat VPS memenuhi relasi exact"
"AMBIGUOUS","SOLD_HISTORICAL","Netflix","NETFLIX_SHARED","6","'Netflix'!M6","Netflix Premium","rhb***@vya.baby","Armes","Nadia","","NORMAL","EMPTY","3","EXPLICIT_ROW_RELATION_MULTIPLE","","0","","3","0","0","0","false","false","false","false","false","false","false","","0","","3 kandidat VPS memenuhi relasi exact"
"AMBIGUOUS","SOLD_HISTORICAL","Netflix","NETFLIX_SHARED","7","'Netflix'!M7","Netflix Premium","rhb***@vya.baby","d","cloudy","","NORMAL","EMPTY","3","EXPLICIT_ROW_RELATION_MULTIPLE","","0","","5","0","0","0","false","false","false","false","false","false","false","","0","","3 kandidat VPS memenuhi relasi exact"
"INVALID_STOCK_ID_REQUIRES_MANUAL_REVIEW","INVALID_LEGACY_METADATA","Netflix","NETFLIX_SHARED","8","'Netflix'!M8","Netflix Premium","rhb***@vya.baby","e","Alilah","","NORMAL","EMPTY","1","","","0","","5","0","0","0","false","false","false","false","false","false","false","CREDENTIAL_LIKE_VALUE","1","","baris terhubung ke record VPS dengan Stock ID legacy yang tidak valid"
"INVALID_STOCK_ID_REQUIRES_MANUAL_REVIEW","INVALID_LEGACY_METADATA","Netflix","NETFLIX_SHARED","9","'Netflix'!M9","Netflix Premium","sim***@vya.baby","a","miluv","","NORMAL","EMPTY","2","","UNIQUE_HISTORICAL_FULFILLMENT_RELATION","0","","9","0","2","1","true","false","false","false","false","false","false","CREDENTIAL_LIKE_VALUE","2","","baris terhubung ke record VPS dengan Stock ID legacy yang tidak valid"
"AMBIGUOUS","SOLD_HISTORICAL","Netflix","NETFLIX_SHARED","10","'Netflix'!M10","Netflix Premium","sim***@vya.baby","b","ojagrande","","NORMAL","EMPTY","2","EXPLICIT_ROW_RELATION_MULTIPLE","UNIQUE_HISTORICAL_FULFILLMENT_RELATION","0","","9","0","1","1","false","false","false","false","false","false","false","","0","","2 kandidat VPS memenuhi relasi exact"
"AMBIGUOUS","SOLD_HISTORICAL","Netflix","NETFLIX_SHARED","11","'Netflix'!M11","Netflix Premium","sim***@vya.baby","c","saffrie","","NORMAL","EMPTY","2","EXPLICIT_ROW_RELATION_MULTIPLE","UNIQUE_HISTORICAL_FULFILLMENT_RELATION","0","","10","0","1","1","false","false","false","false","false","false","false","","0","","2 kandidat VPS memenuhi relasi exact"
"AMBIGUOUS","SOLD_HISTORICAL","Netflix","NETFLIX_SHARED","12","'Netflix'!M12","Netflix Premium","sim***@vya.baby","d","val","","NORMAL","EMPTY","2","EXPLICIT_ROW_RELATION_MULTIPLE","UNIQUE_HISTORICAL_FULFILLMENT_RELATION","0","","10","0","4","1","true","false","false","false","false","false","false","","0","","2 kandidat VPS memenuhi relasi exact"
"INVALID_STOCK_ID_REQUIRES_MANUAL_REVIEW","INVALID_LEGACY_METADATA","Netflix","NETFLIX_SHARED","13","'Netflix'!M13","Netflix Premium","sim***@vya.baby","e","ojagrande","","NORMAL","EMPTY","2","","","1","sold","7","1","0","0","false","false","false","false","false","false","false","CREDENTIAL_LIKE_VALUE","2","","baris terhubung ke record VPS dengan Stock ID legacy yang tidak valid"
"AMBIGUOUS","SOLD_HISTORICAL","Netflix","NETFLIX_SHARED","14","'Netflix'!M14","Netflix Premium","jos***@wesaveearth.xyz","a","kya","","NORMAL","EMPTY","3","EXPLICIT_ROW_RELATION_MULTIPLE","","1","sold","7","0","12","2","true","false","false","false","false","false","false","","0","","3 kandidat VPS memenuhi relasi exact"
"AMBIGUOUS","SOLD_HISTORICAL","Netflix","NETFLIX_SHARED","15","'Netflix'!M15","Netflix Premium","jos***@wesaveearth.xyz","b","Kindly","","NORMAL","EMPTY","3","EXPLICIT_ROW_RELATION_MULTIPLE","UNIQUE_ACTIVE_MANAGED_ACCOUNT_RELATION","1","sold","7","1","6","2","true","false","false","false","false","false","false","","0","","3 kandidat VPS memenuhi relasi exact"
"INVALID_STOCK_ID_REQUIRES_MANUAL_REVIEW","INVALID_LEGACY_METADATA","Netflix","NETFLIX_SHARED","16","'Netflix'!M16","Netflix Premium","jos***@wesaveearth.xyz","c","neja","","NORMAL","EMPTY","1","","UNIQUE_ACTIVE_MANAGED_ACCOUNT_RELATION","1","sold","7","1","2","2","false","false","false","false","false","false","false","CREDENTIAL_LIKE_VALUE","1","","baris terhubung ke record VPS dengan Stock ID legacy yang tidak valid"
"AMBIGUOUS","DUPLICATE_OR_AMBIGUOUS_HISTORY","Netflix","NETFLIX_SHARED","17","'Netflix'!M17","Netflix Premium","jos***@wesaveearth.xyz","d","","","NORMAL","EMPTY","3","EXPLICIT_ROW_RELATION_MULTIPLE","","1","available","8","0","4","2","true","true","false","true","true","true","true","","0","","3 kandidat VPS memenuhi relasi exact"
"AMBIGUOUS","SOLD_HISTORICAL","Netflix","NETFLIX_SHARED","18","'Netflix'!M18","Netflix Premium","jos***@wesaveearth.xyz","e","neeca","","NORMAL","EMPTY","2","EXPLICIT_ROW_RELATION_MULTIPLE","UNIQUE_HISTORICAL_FULFILLMENT_RELATION|UNIQUE_ACTIVE_MANAGED_ACCOUNT_RELATION","1","sold","5","1","6","1","false","false","false","false","false","false","false","","0","","2 kandidat VPS memenuhi relasi exact"
"INVALID_STOCK_ID_REQUIRES_MANUAL_REVIEW","INVALID_LEGACY_METADATA","Netflix","NETFLIX_SHARED","19","'Netflix'!M19","Netflix Premium","ken***@vya.baby","a","sena","","NORMAL","EMPTY","1","","UNIQUE_ACTIVE_MANAGED_ACCOUNT_RELATION","1","sold","6","1","0","0","false","false","false","false","false","false","false","CREDENTIAL_LIKE_VALUE","1","","baris terhubung ke record VPS dengan Stock ID legacy yang tidak valid"
"AMBIGUOUS","SOLD_HISTORICAL","Netflix","NETFLIX_SHARED","20","'Netflix'!M20","Netflix Premium","ken***@vya.baby","b","bintang","","NORMAL","EMPTY","2","EXPLICIT_ROW_RELATION_MULTIPLE","UNIQUE_HISTORICAL_FULFILLMENT_RELATION|UNIQUE_ACTIVE_MANAGED_ACCOUNT_RELATION","1","sold","7","1","1","1","false","false","false","false","false","false","false","","0","","2 kandidat VPS memenuhi relasi exact"
"AMBIGUOUS","AVAILABLE_WITHOUT_STOCK_ID","Netflix","NETFLIX_SHARED","21","'Netflix'!M21","Netflix Premium","ken***@vya.baby","c","","","NORMAL","EMPTY","2","EXPLICIT_ROW_RELATION_MULTIPLE","UNIQUE_HISTORICAL_FULFILLMENT_RELATION","1","available","7","0","1","1","false","true","true","true","true","true","true","","0","","2 kandidat VPS memenuhi relasi exact"
"INVALID_STOCK_ID_REQUIRES_MANUAL_REVIEW","INVALID_LEGACY_METADATA","Netflix","NETFLIX_SHARED","22","'Netflix'!M22","Netflix Premium","ken***@vya.baby","d","Ara","","NORMAL","EMPTY","1","","UNIQUE_ACTIVE_MANAGED_ACCOUNT_RELATION","1","sold","10","1","3","2","false","false","false","false","false","false","false","CREDENTIAL_LIKE_VALUE","1","","baris terhubung ke record VPS dengan Stock ID legacy yang tidak valid"
"INVALID_STOCK_ID_REQUIRES_MANUAL_REVIEW","INVALID_LEGACY_METADATA","Netflix","NETFLIX_SHARED","23","'Netflix'!M23","Netflix Premium","ken***@vya.baby","e","","","NORMAL","EMPTY","2","","UNIQUE_HISTORICAL_FULFILLMENT_RELATION","1","available","6","0","1","1","false","true","true","true","true","true","true","CREDENTIAL_LIKE_VALUE","2","","baris terhubung ke record VPS dengan Stock ID legacy yang tidak valid"
"AMBIGUOUS","SOLD_HISTORICAL","Netflix","NETFLIX_SHARED","24","'Netflix'!M24","Netflix Premium","ana***@kya.baby","1","rimao","","NORMAL","EMPTY","3","EXPLICIT_ROW_RELATION_MULTIPLE","UNIQUE_ACTIVE_MANAGED_ACCOUNT_RELATION","1","sold","11","1","3","2","true","false","false","false","false","false","false","","0","","3 kandidat VPS memenuhi relasi exact"
"AMBIGUOUS","SOLD_HISTORICAL","Netflix","NETFLIX_SHARED","25","'Netflix'!M25","Netflix Premium","ana***@kya.baby","2","Stevina","","NORMAL","EMPTY","2","EXPLICIT_ROW_RELATION_MULTIPLE","UNIQUE_ACTIVE_MANAGED_ACCOUNT_RELATION","1","sold","12","1","2","2","false","false","false","false","false","false","false","","0","","2 kandidat VPS memenuhi relasi exact"
"AMBIGUOUS","SOLD_HISTORICAL","Netflix","NETFLIX_SHARED","26","'Netflix'!M26","Netflix Premium","ana***@kya.baby","3","bintang","","NORMAL","EMPTY","2","EXPLICIT_ROW_RELATION_MULTIPLE","UNIQUE_ACTIVE_MANAGED_ACCOUNT_RELATION","1","sold","11","1","2","2","false","false","false","false","false","false","false","","0","","2 kandidat VPS memenuhi relasi exact"
"AMBIGUOUS","SOLD_HISTORICAL","Netflix","NETFLIX_SHARED","27","'Netflix'!M27","Netflix Premium","ana***@kya.baby","5","j","","NORMAL","EMPTY","2","EXPLICIT_ROW_RELATION_MULTIPLE","UNIQUE_ACTIVE_MANAGED_ACCOUNT_RELATION","1","sold","12","1","3","2","true","false","false","false","false","false","false","","0","","2 kandidat VPS memenuhi relasi exact"
"AMBIGUOUS","SOLD_HISTORICAL","Netflix","NETFLIX_SHARED","28","'Netflix'!M28","Netflix Premium","ana***@kya.baby","4","stevina","","NORMAL","EMPTY","3","EXPLICIT_ROW_RELATION_MULTIPLE","UNIQUE_ACTIVE_MANAGED_ACCOUNT_RELATION","1","sold","11","1","2","2","false","false","false","false","false","false","false","","0","","3 kandidat VPS memenuhi relasi exact"
"AMBIGUOUS","SOLD_HISTORICAL","Netflix","NETFLIX_SHARED","29","'Netflix'!M29","Netflix Premium","amb***@wesaveearth.xyz","Mocha ☕","kya","","NORMAL","EMPTY","3","EXPLICIT_ROW_RELATION_MULTIPLE","UNIQUE_HISTORICAL_FULFILLMENT_RELATION|UNIQUE_ACTIVE_MANAGED_ACCOUNT_RELATION","1","sold","6","1","1","1","false","false","false","false","false","false","false","","0","","3 kandidat VPS memenuhi relasi exact"
"AMBIGUOUS","SOLD_HISTORICAL","Netflix","NETFLIX_SHARED","30","'Netflix'!M30","Netflix Premium","amb***@wesaveearth.xyz","Cream 🥛","rimao","","NORMAL","EMPTY","3","EXPLICIT_ROW_RELATION_MULTIPLE","UNIQUE_HISTORICAL_FULFILLMENT_RELATION|UNIQUE_ACTIVE_MANAGED_ACCOUNT_RELATION","1","sold","9","1","1","1","false","false","false","false","false","false","false","","0","","3 kandidat VPS memenuhi relasi exact"
"AMBIGUOUS","AVAILABLE_WITHOUT_STOCK_ID","Netflix","NETFLIX_SHARED","31","'Netflix'!M31","Netflix Premium","amb***@wesaveearth.xyz","Pancake 🥞","","","NORMAL","EMPTY","3","EXPLICIT_ROW_RELATION_MULTIPLE","","1","available","6","0","0","0","false","true","true","true","true","true","true","","0","","3 kandidat VPS memenuhi relasi exact"
"AMBIGUOUS","AVAILABLE_WITHOUT_STOCK_ID","Netflix","NETFLIX_SHARED","32","'Netflix'!M32","Netflix Premium","amb***@wesaveearth.xyz","Cookie 🍪","","","NORMAL","EMPTY","3","EXPLICIT_ROW_RELATION_MULTIPLE","","1","available","6","0","0","0","false","true","true","true","true","true","true","","0","","3 kandidat VPS memenuhi relasi exact"
"AMBIGUOUS","SOLD_HISTORICAL","Netflix","NETFLIX_SHARED","33","'Netflix'!M33","Netflix Premium","amb***@wesaveearth.xyz","Caramel 🍮","val","","NORMAL","EMPTY","3","EXPLICIT_ROW_RELATION_MULTIPLE","UNIQUE_HISTORICAL_FULFILLMENT_RELATION|UNIQUE_ACTIVE_MANAGED_ACCOUNT_RELATION","1","sold","7","1","1","1","false","false","false","false","false","false","false","","0","","3 kandidat VPS memenuhi relasi exact"
"AMBIGUOUS","SOLD_HISTORICAL","Netflix","NETFLIX_SHARED","34","'Netflix'!M34","Netflix Premium","jol***@vya.baby","Peppermint 🍬","bintang","","NORMAL","EMPTY","3","EXPLICIT_ROW_RELATION_MULTIPLE","UNIQUE_HISTORICAL_FULFILLMENT_RELATION|UNIQUE_ACTIVE_MANAGED_ACCOUNT_RELATION","1","sold","7","1","1","1","false","false","false","false","false","false","false","","0","","3 kandidat VPS memenuhi relasi exact"
"AMBIGUOUS","AVAILABLE_WITHOUT_STOCK_ID","Netflix","NETFLIX_SHARED","35","'Netflix'!M35","Netflix Premium","jol***@vya.baby","Candy Cane 🍬","","","NORMAL","EMPTY","3","EXPLICIT_ROW_RELATION_MULTIPLE","UNIQUE_HISTORICAL_FULFILLMENT_RELATION","1","available","7","0","1","1","false","true","true","true","true","true","true","","0","","3 kandidat VPS memenuhi relasi exact"
"AMBIGUOUS","SOLD_HISTORICAL","Netflix","NETFLIX_SHARED","36","'Netflix'!M36","Netflix Premium","jol***@vya.baby","Snowman ☃️","cloudy","","NORMAL","EMPTY","3","EXPLICIT_ROW_RELATION_MULTIPLE","UNIQUE_HISTORICAL_FULFILLMENT_RELATION|UNIQUE_ACTIVE_MANAGED_ACCOUNT_RELATION","1","sold","10","1","1","1","false","false","false","false","false","false","false","","0","","3 kandidat VPS memenuhi relasi exact"
"AMBIGUOUS","SOLD_HISTORICAL","Netflix","NETFLIX_SHARED","37","'Netflix'!M37","Netflix Premium","jol***@vya.baby","Chocolate Bar 🍫","val","","NORMAL","EMPTY","3","EXPLICIT_ROW_RELATION_MULTIPLE","UNIQUE_HISTORICAL_FULFILLMENT_RELATION|UNIQUE_ACTIVE_MANAGED_ACCOUNT_RELATION","1","sold","3","1","1","1","false","false","false","false","false","false","false","","0","","3 kandidat VPS memenuhi relasi exact"
"AMBIGUOUS","SOLD_HISTORICAL","Netflix","NETFLIX_SHARED","38","'Netflix'!M38","Netflix Premium","jol***@vya.baby","Gingerbread 🍪","bintang","","NORMAL","EMPTY","2","EXPLICIT_ROW_RELATION_MULTIPLE","UNIQUE_HISTORICAL_FULFILLMENT_RELATION|UNIQUE_ACTIVE_MANAGED_ACCOUNT_RELATION","1","sold","12","1","1","1","false","false","false","false","false","false","false","","0","","2 kandidat VPS memenuhi relasi exact"
"AMBIGUOUS","SOLD_HISTORICAL","Netflix","NETFLIX_SHARED","39","'Netflix'!M39","Netflix Premium","ang***@vya.baby","Milk 🥛","neeca","","NORMAL","EMPTY","2","EXPLICIT_ROW_RELATION_MULTIPLE","UNIQUE_HISTORICAL_FULFILLMENT_RELATION|UNIQUE_ACTIVE_MANAGED_ACCOUNT_RELATION","1","sold","5","1","2","1","false","false","false","false","false","false","false","","0","","2 kandidat VPS memenuhi relasi exact"
"AMBIGUOUS","SOLD_HISTORICAL","Netflix","NETFLIX_SHARED","40","'Netflix'!M40","Netflix Premium","ang***@vya.baby","Bacon 🥓","kindly","","NORMAL","EMPTY","2","EXPLICIT_ROW_RELATION_MULTIPLE","UNIQUE_HISTORICAL_FULFILLMENT_RELATION","1","available","4","0","1","1","false","true","false","true","true","true","true","","0","","2 kandidat VPS memenuhi relasi exact"
"AMBIGUOUS","SOLD_HISTORICAL","Netflix","NETFLIX_SHARED","41","'Netflix'!M41","Netflix Premium","ang***@vya.baby","Yogurt 🥛","cloudy","","NORMAL","EMPTY","2","EXPLICIT_ROW_RELATION_MULTIPLE","","1","available","5","0","0","0","false","true","false","true","true","true","true","","0","","2 kandidat VPS memenuhi relasi exact"
"AMBIGUOUS","SOLD_HISTORICAL","Netflix","NETFLIX_SHARED","42","'Netflix'!M42","Netflix Premium","ang***@vya.baby","Cheese 🧀","chuwiiy","","NORMAL","EMPTY","3","EXPLICIT_ROW_RELATION_MULTIPLE","UNIQUE_HISTORICAL_FULFILLMENT_RELATION","1","available","7","0","1","1","false","true","false","true","true","true","true","","0","","3 kandidat VPS memenuhi relasi exact"
"AMBIGUOUS","SOLD_HISTORICAL","Netflix","NETFLIX_SHARED","43","'Netflix'!M43","Netflix Premium","ang***@vya.baby","Sausage 🌭","saffrie","","NORMAL","EMPTY","2","EXPLICIT_ROW_RELATION_MULTIPLE","UNIQUE_ACTIVE_MANAGED_ACCOUNT_RELATION","1","sold","6","1","0","0","false","false","false","false","false","false","false","","0","","2 kandidat VPS memenuhi relasi exact"
"AMBIGUOUS","PROBLEM_OR_DISABLED","Netflix","NETFLIX_SHARED","44","'Netflix'!M44","Netflix Premium","for***@vya.baby","Kiwi 🥝","cek","","BERMASALAH","EMPTY","3","EXPLICIT_ROW_RELATION_MULTIPLE","","1","available","7","0","0","0","false","true","false","true","true","true","true","","0","","3 kandidat VPS memenuhi relasi exact"
"AMBIGUOUS","PROBLEM_OR_DISABLED","Netflix","NETFLIX_SHARED","45","'Netflix'!M45","Netflix Premium","for***@vya.baby","Grapes 🍇","cek","","BERMASALAH","EMPTY","3","EXPLICIT_ROW_RELATION_MULTIPLE","","1","available","8","0","0","0","false","true","false","true","true","true","true","","0","","3 kandidat VPS memenuhi relasi exact"
"AMBIGUOUS","PROBLEM_OR_DISABLED","Netflix","NETFLIX_SHARED","46","'Netflix'!M46","Netflix Premium","for***@vya.baby","Cherry 🍒","cek","","BERMASALAH","EMPTY","4","EXPLICIT_ROW_RELATION_MULTIPLE","UNIQUE_HISTORICAL_FULFILLMENT_RELATION","1","available","34","0","2","1","false","true","false","true","true","true","true","","0","","4 kandidat VPS memenuhi relasi exact"
"AMBIGUOUS","PROBLEM_OR_DISABLED","Netflix","NETFLIX_SHARED","47","'Netflix'!M47","Netflix Premium","for***@vya.baby","Apple 🍎","cek","","BERMASALAH","EMPTY","4","EXPLICIT_ROW_RELATION_MULTIPLE","UNIQUE_HISTORICAL_FULFILLMENT_RELATION","1","available","10","0","1","1","false","true","false","true","true","true","true","","0","","4 kandidat VPS memenuhi relasi exact"
"AMBIGUOUS","PROBLEM_OR_DISABLED","Netflix","NETFLIX_SHARED","48","'Netflix'!M48","Netflix Premium","for***@vya.baby","Pear 🍐","cek","","BERMASALAH","EMPTY","5","EXPLICIT_ROW_RELATION_MULTIPLE","","1","available","13","0","0","0","false","true","false","true","true","true","true","","0","","5 kandidat VPS memenuhi relasi exact"
"AMBIGUOUS","PROBLEM_OR_DISABLED","Netflix","NETFLIX_SHARED","49","'Netflix'!M49","Netflix Premium","pal***@vya.baby","Donut 🍩","cek","","BERMASALAH","EMPTY","3","EXPLICIT_ROW_RELATION_MULTIPLE","","1","available","28","0","0","0","false","true","false","true","true","true","true","","0","","3 kandidat VPS memenuhi relasi exact"
"AMBIGUOUS","PROBLEM_OR_DISABLED","Netflix","NETFLIX_SHARED","50","'Netflix'!M50","Netflix Premium","pal***@vya.baby","Pie 🥧","cek","","BERMASALAH","EMPTY","3","EXPLICIT_ROW_RELATION_MULTIPLE","UNIQUE_HISTORICAL_FULFILLMENT_RELATION","1","available","7","0","1","1","false","true","false","true","true","true","true","","0","","3 kandidat VPS memenuhi relasi exact"
"AMBIGUOUS","PROBLEM_OR_DISABLED","Netflix","NETFLIX_SHARED","51","'Netflix'!M51","Netflix Premium","pal***@vya.baby","Muffin 🧁","cek","","BERMASALAH","EMPTY","3","EXPLICIT_ROW_RELATION_MULTIPLE","UNIQUE_HISTORICAL_FULFILLMENT_RELATION","1","available","6","0","1","1","false","true","false","true","true","true","true","","0","","3 kandidat VPS memenuhi relasi exact"
"AMBIGUOUS","PROBLEM_OR_DISABLED","Netflix","NETFLIX_SHARED","52","'Netflix'!M52","Netflix Premium","pal***@vya.baby","Nutella 🍫","cek","","BERMASALAH","EMPTY","3","EXPLICIT_ROW_RELATION_MULTIPLE","UNIQUE_HISTORICAL_FULFILLMENT_RELATION","1","available","5","0","1","1","false","true","false","true","true","true","true","","0","","3 kandidat VPS memenuhi relasi exact"
"AMBIGUOUS","PROBLEM_OR_DISABLED","Netflix","NETFLIX_SHARED","53","'Netflix'!M53","Netflix Premium","pal***@vya.baby","Pancake 🥞","cek","","BERMASALAH","EMPTY","3","EXPLICIT_ROW_RELATION_MULTIPLE","UNIQUE_HISTORICAL_FULFILLMENT_RELATION","1","available","6","0","1","1","false","true","false","true","true","true","true","","0","","3 kandidat VPS memenuhi relasi exact"
"AMBIGUOUS","SOLD_HISTORICAL","Netflix","NETFLIX_SHARED","54","'Netflix'!M54","Netflix Premium","kal***@vya.baby","Lollipop 🍭","flora","","NORMAL","EMPTY","3","EXPLICIT_ROW_RELATION_MULTIPLE","UNIQUE_HISTORICAL_FULFILLMENT_RELATION|UNIQUE_ACTIVE_MANAGED_ACCOUNT_RELATION","1","sold","8","1","1","1","false","false","false","false","false","false","false","","0","","3 kandidat VPS memenuhi relasi exact"
"AMBIGUOUS","SOLD_HISTORICAL","Netflix","NETFLIX_SHARED","55","'Netflix'!M55","Netflix Premium","kal***@vya.baby","Sausage 🌭","saffrie","","NORMAL","EMPTY","3","EXPLICIT_ROW_RELATION_MULTIPLE","UNIQUE_HISTORICAL_FULFILLMENT_RELATION|UNIQUE_ACTIVE_MANAGED_ACCOUNT_RELATION","1","sold","29","1","1","1","false","false","false","false","false","false","false","","0","","3 kandidat VPS memenuhi relasi exact"
"AMBIGUOUS","SOLD_HISTORICAL","Netflix","NETFLIX_SHARED","56","'Netflix'!M56","Netflix Premium","kal***@vya.baby","Mochi 🍡","raya","","NORMAL","EMPTY","3","EXPLICIT_ROW_RELATION_MULTIPLE","UNIQUE_HISTORICAL_FULFILLMENT_RELATION","1","available","9","0","1","1","false","true","false","true","true","true","true","","0","","3 kandidat VPS memenuhi relasi exact"
"AMBIGUOUS","SOLD_HISTORICAL","Netflix","NETFLIX_SHARED","57","'Netflix'!M57","Netflix Premium","kal***@vya.baby","Bacon 🥓","sena","","NORMAL","EMPTY","4","EXPLICIT_ROW_RELATION_MULTIPLE","UNIQUE_ACTIVE_MANAGED_ACCOUNT_RELATION","1","sold","10","1","3","2","true","false","false","false","false","false","false","","0","","4 kandidat VPS memenuhi relasi exact"
"AMBIGUOUS","SOLD_HISTORICAL","Netflix","NETFLIX_SHARED","58","'Netflix'!M58","Netflix Premium","kal***@vya.baby","Milk 🥛","Kindly","","NORMAL","EMPTY","4","EXPLICIT_ROW_RELATION_MULTIPLE","UNIQUE_ACTIVE_MANAGED_ACCOUNT_RELATION","1","sold","30","1","2","2","false","false","false","false","false","false","false","","0","","4 kandidat VPS memenuhi relasi exact"
"AMBIGUOUS","SOLD_HISTORICAL","Netflix","NETFLIX_SHARED","59","'Netflix'!M59","Netflix Premium","ari***@vya.baby","Twinkle ✨","flora","","NORMAL","EMPTY","4","EXPLICIT_ROW_RELATION_MULTIPLE","UNIQUE_ACTIVE_MANAGED_ACCOUNT_RELATION","1","sold","9","1","4","3","true","false","false","false","false","false","false","","0","","4 kandidat VPS memenuhi relasi exact"
"AMBIGUOUS","SOLD_HISTORICAL","Netflix","NETFLIX_SHARED","60","'Netflix'!M60","Netflix Premium","ari***@vya.baby","Velvet 🎀","sena","","NORMAL","EMPTY","4","EXPLICIT_ROW_RELATION_MULTIPLE","UNIQUE_HISTORICAL_FULFILLMENT_RELATION","1","available","6","0","1","1","false","true","false","true","true","true","true","","0","","4 kandidat VPS memenuhi relasi exact"
"AMBIGUOUS","SOLD_HISTORICAL","Netflix","NETFLIX_SHARED","61","'Netflix'!M61","Netflix Premium","ari***@vya.baby","Pear 🍐","flora","","NORMAL","EMPTY","4","EXPLICIT_ROW_RELATION_MULTIPLE","UNIQUE_ACTIVE_MANAGED_ACCOUNT_RELATION","1","sold","10","1","4","3","false","false","false","false","false","false","false","","0","","4 kandidat VPS memenuhi relasi exact"
"AMBIGUOUS","SOLD_HISTORICAL","Netflix","NETFLIX_SHARED","62","'Netflix'!M62","Netflix Premium","ari***@vya.baby","Lily 🌸","Chuwiiy","","NORMAL","EMPTY","5","EXPLICIT_ROW_RELATION_MULTIPLE","UNIQUE_ACTIVE_MANAGED_ACCOUNT_RELATION","1","sold","8","1","4","3","true","false","false","false","false","false","false","","0","","5 kandidat VPS memenuhi relasi exact"
"AMBIGUOUS","SOLD_HISTORICAL","Netflix","NETFLIX_SHARED","63","'Netflix'!M63","Netflix Premium","ari***@vya.baby","Clover 🍀","sena","","NORMAL","EMPTY","4","EXPLICIT_ROW_RELATION_MULTIPLE","UNIQUE_ACTIVE_MANAGED_ACCOUNT_RELATION","1","sold","11","1","3","2","false","false","false","false","false","false","false","","0","","4 kandidat VPS memenuhi relasi exact"
"AMBIGUOUS","SOLD_HISTORICAL","Netflix","NETFLIX_SHARED","64","'Netflix'!M64","Netflix Premium","emm***@vya.baby","Baguette 🥖","bintang","","NORMAL","EMPTY","4","EXPLICIT_ROW_RELATION_MULTIPLE","UNIQUE_HISTORICAL_FULFILLMENT_RELATION|UNIQUE_ACTIVE_MANAGED_ACCOUNT_RELATION","1","sold","11","1","1","1","false","false","false","false","false","false","false","","0","","4 kandidat VPS memenuhi relasi exact"
"AMBIGUOUS","SOLD_HISTORICAL","Netflix","NETFLIX_SHARED","65","'Netflix'!M65","Netflix Premium","emm***@vya.baby","Bagel 🥯","alilah","","NORMAL","EMPTY","3","EXPLICIT_ROW_RELATION_MULTIPLE","UNIQUE_HISTORICAL_FULFILLMENT_RELATION|UNIQUE_ACTIVE_MANAGED_ACCOUNT_RELATION","1","sold","8","1","1","1","false","false","false","false","false","false","false","","0","","3 kandidat VPS memenuhi relasi exact"
"AMBIGUOUS","SOLD_HISTORICAL","Netflix","NETFLIX_SHARED","66","'Netflix'!M66","Netflix Premium","emm***@vya.baby","Toast 🍞","bintang","","NORMAL","EMPTY","4","EXPLICIT_ROW_RELATION_MULTIPLE","UNIQUE_HISTORICAL_FULFILLMENT_RELATION","1","sold","13","0","1","1","false","false","false","false","false","false","false","","0","","4 kandidat VPS memenuhi relasi exact"
"AMBIGUOUS","SOLD_HISTORICAL","Netflix","NETFLIX_SHARED","67","'Netflix'!M67","Netflix Premium","emm***@vya.baby","Croissant 🥐","allid","","NORMAL","EMPTY","4","EXPLICIT_ROW_RELATION_MULTIPLE","UNIQUE_HISTORICAL_FULFILLMENT_RELATION|UNIQUE_ACTIVE_MANAGED_ACCOUNT_RELATION","1","sold","14","1","4","1","true","false","false","false","false","false","false","","0","","4 kandidat VPS memenuhi relasi exact"
"AMBIGUOUS","SOLD_HISTORICAL","Netflix","NETFLIX_SHARED","68","'Netflix'!M68","Netflix Premium","emm***@vya.baby","Pretzel 🥨","alillah","","NORMAL","EMPTY","4","EXPLICIT_ROW_RELATION_MULTIPLE","","1","sold","13","0","3","2","false","false","false","false","false","false","false","","0","","4 kandidat VPS memenuhi relasi exact"
"AMBIGUOUS","SOLD_HISTORICAL","Netflix","NETFLIX_SHARED","69","'Netflix'!M69","Netflix Premium","alo***@vya.baby","Baguette 🥖","bintang","","NORMAL","EMPTY","5","EXPLICIT_ROW_RELATION_MULTIPLE","UNIQUE_HISTORICAL_FULFILLMENT_RELATION","1","sold","10","0","1","1","false","false","false","false","false","false","false","","0","","5 kandidat VPS memenuhi relasi exact"
"AMBIGUOUS","SOLD_HISTORICAL","Netflix","NETFLIX_SHARED","70","'Netflix'!M70","Netflix Premium","alo***@vya.baby","Bagel 🥯","val","","NORMAL","EMPTY","5","EXPLICIT_ROW_RELATION_MULTIPLE","UNIQUE_HISTORICAL_FULFILLMENT_RELATION","1","sold","11","0","1","1","false","false","false","false","false","false","false","","0","","5 kandidat VPS memenuhi relasi exact"
"AMBIGUOUS","SOLD_HISTORICAL","Netflix","NETFLIX_SHARED","71","'Netflix'!M71","Netflix Premium","alo***@vya.baby","Toast 🍞","devva","","NORMAL","EMPTY","7","EXPLICIT_ROW_RELATION_MULTIPLE","UNIQUE_ACTIVE_MANAGED_ACCOUNT_RELATION","1","sold","15","1","2","2","false","false","false","false","false","false","false","","0","","7 kandidat VPS memenuhi relasi exact"
"AMBIGUOUS","SOLD_HISTORICAL","Netflix","NETFLIX_SHARED","72","'Netflix'!M72","Netflix Premium","alo***@vya.baby","Croissant 🥐","cloudy","","NORMAL","EMPTY","5","EXPLICIT_ROW_RELATION_MULTIPLE","UNIQUE_ACTIVE_MANAGED_ACCOUNT_RELATION","1","sold","12","1","2","2","false","false","false","false","false","false","false","","0","","5 kandidat VPS memenuhi relasi exact"
"AMBIGUOUS","SOLD_HISTORICAL","Netflix","NETFLIX_SHARED","73","'Netflix'!M73","Netflix Premium","alo***@vya.baby","Pretzel 🥨","cloudy","","NORMAL","EMPTY","4","EXPLICIT_ROW_RELATION_MULTIPLE","UNIQUE_ACTIVE_MANAGED_ACCOUNT_RELATION","1","sold","14","1","4","2","true","false","false","false","false","false","false","","0","","4 kandidat VPS memenuhi relasi exact"
"AMBIGUOUS","SOLD_HISTORICAL","Netflix","NETFLIX_SHARED","74","'Netflix'!M74","Netflix Premium","amd***@kiyaw.com","zeey","bintang","","NORMAL","EMPTY","3","EXPLICIT_ROW_RELATION_MULTIPLE","UNIQUE_HISTORICAL_FULFILLMENT_RELATION|UNIQUE_ACTIVE_MANAGED_ACCOUNT_RELATION","1","sold","5","1","1","1","false","false","false","false","false","false","false","","0","","3 kandidat VPS memenuhi relasi exact"
"AMBIGUOUS","SOLD_HISTORICAL","Netflix","NETFLIX_SHARED","75","'Netflix'!M75","Netflix Premium","amd***@kiyaw.com","fayy","bintang","","NORMAL","EMPTY","3","EXPLICIT_ROW_RELATION_MULTIPLE","UNIQUE_HISTORICAL_FULFILLMENT_RELATION|UNIQUE_ACTIVE_MANAGED_ACCOUNT_RELATION","1","sold","4","1","1","1","false","false","false","false","false","false","false","","0","","3 kandidat VPS memenuhi relasi exact"
"AMBIGUOUS","SOLD_HISTORICAL","Netflix","NETFLIX_SHARED","76","'Netflix'!M76","Netflix Premium","amd***@kiyaw.com","eky","nadia","","NORMAL","EMPTY","3","EXPLICIT_ROW_RELATION_MULTIPLE","UNIQUE_HISTORICAL_FULFILLMENT_RELATION|UNIQUE_ACTIVE_MANAGED_ACCOUNT_RELATION","1","sold","4","1","2","1","false","false","false","false","false","false","false","","0","","3 kandidat VPS memenuhi relasi exact"
"AMBIGUOUS","SOLD_HISTORICAL","Netflix","NETFLIX_SHARED","77","'Netflix'!M77","Netflix Premium","amd***@kiyaw.com","Calistaa","sena","","NORMAL","EMPTY","3","EXPLICIT_ROW_RELATION_MULTIPLE","UNIQUE_ACTIVE_MANAGED_ACCOUNT_RELATION","1","sold","5","1","3","2","false","false","false","false","false","false","false","","0","","3 kandidat VPS memenuhi relasi exact"
"AMBIGUOUS","SOLD_HISTORICAL","Netflix","NETFLIX_SHARED","78","'Netflix'!M78","Netflix Premium","amd***@kiyaw.com","diky","sena","","NORMAL","EMPTY","4","EXPLICIT_ROW_RELATION_MULTIPLE","UNIQUE_ACTIVE_MANAGED_ACCOUNT_RELATION","1","sold","8","1","2","2","false","false","false","false","false","false","false","","0","","4 kandidat VPS memenuhi relasi exact"
"AMBIGUOUS","SOLD_HISTORICAL","Netflix","NETFLIX_SHARED","79","'Netflix'!M79","Netflix Premium","mek***@vya.baby","Baguette 🥖","cloudy","","NORMAL","EMPTY","5","EXPLICIT_ROW_RELATION_MULTIPLE","UNIQUE_ACTIVE_MANAGED_ACCOUNT_RELATION","1","sold","9","1","3","2","true","false","false","false","false","false","false","","0","","5 kandidat VPS memenuhi relasi exact"
"AMBIGUOUS","SOLD_HISTORICAL","Netflix","NETFLIX_SHARED","80","'Netflix'!M80","Netflix Premium","mek***@vya.baby","Croissant 🥐","bintang","","NORMAL","EMPTY","5","EXPLICIT_ROW_RELATION_MULTIPLE","UNIQUE_ACTIVE_MANAGED_ACCOUNT_RELATION","1","sold","9","1","4","4","false","false","false","false","false","false","false","","0","","5 kandidat VPS memenuhi relasi exact"
"AMBIGUOUS","SOLD_HISTORICAL","Netflix","NETFLIX_SHARED","81","'Netflix'!M81","Netflix Premium","mek***@vya.baby","Toast 🍞","Bintang","","NORMAL","EMPTY","5","EXPLICIT_ROW_RELATION_MULTIPLE","","1","available","10","0","7","4","true","true","false","true","true","true","true","","0","","5 kandidat VPS memenuhi relasi exact"
"AMBIGUOUS","SOLD_HISTORICAL","Netflix","NETFLIX_SHARED","82","'Netflix'!M82","Netflix Premium","mek***@vya.baby","Pretzel 🥨","neeca","","NORMAL","EMPTY","5","EXPLICIT_ROW_RELATION_MULTIPLE","","1","available","44","0","5","4","false","true","false","true","true","true","true","","0","","5 kandidat VPS memenuhi relasi exact"
"AMBIGUOUS","SOLD_HISTORICAL","Netflix","NETFLIX_SHARED","83","'Netflix'!M83","Netflix Premium","mek***@vya.baby","Bagel 🥯","bintang","","NORMAL","EMPTY","5","EXPLICIT_ROW_RELATION_MULTIPLE","UNIQUE_ACTIVE_MANAGED_ACCOUNT_RELATION","1","sold","9","1","3","3","false","false","false","false","false","false","false","","0","","5 kandidat VPS memenuhi relasi exact"
"AMBIGUOUS","AVAILABLE_WITHOUT_STOCK_ID","Netflix","NETFLIX_SHARED","84","'Netflix'!M84","Netflix Premium","mar***@Kya.baby","Mocha ☕","","","NORMAL","EMPTY","5","EXPLICIT_ROW_RELATION_MULTIPLE","","1","available","6","0","3","3","false","true","true","true","true","true","true","","0","","5 kandidat VPS memenuhi relasi exact"
"AMBIGUOUS","SOLD_HISTORICAL","Netflix","NETFLIX_SHARED","85","'Netflix'!M85","Netflix Premium","mar***@Kya.baby","Cream 🥛","neeca","","NORMAL","EMPTY","6","EXPLICIT_ROW_RELATION_MULTIPLE","UNIQUE_ACTIVE_MANAGED_ACCOUNT_RELATION","1","sold","7","1","4","4","false","false","false","false","false","false","false","","0","","6 kandidat VPS memenuhi relasi exact"
"AMBIGUOUS","AVAILABLE_WITHOUT_STOCK_ID","Netflix","NETFLIX_SHARED","86","'Netflix'!M86","Netflix Premium","mar***@Kya.baby","Pancake 🥞","","","NORMAL","EMPTY","3","EXPLICIT_ROW_RELATION_MULTIPLE","UNIQUE_HISTORICAL_FULFILLMENT_RELATION","1","available","4","0","1","1","false","true","true","true","true","true","true","","0","","3 kandidat VPS memenuhi relasi exact"
"AMBIGUOUS","AVAILABLE_WITHOUT_STOCK_ID","Netflix","NETFLIX_SHARED","87","'Netflix'!M87","Netflix Premium","mar***@Kya.baby","Cookie 🍪","","","NORMAL","EMPTY","3","EXPLICIT_ROW_RELATION_MULTIPLE","UNIQUE_HISTORICAL_FULFILLMENT_RELATION","1","available","5","0","1","1","false","true","true","true","true","true","true","","0","","3 kandidat VPS memenuhi relasi exact"
"AMBIGUOUS","SOLD_HISTORICAL","Netflix","NETFLIX_SHARED","88","'Netflix'!M88","Netflix Premium","mar***@Kya.baby","Caramel 🍮","val","ORD-MS1B***02L0","NORMAL","EMPTY","4","EXPLICIT_ROW_RELATION_MULTIPLE","UNIQUE_HISTORICAL_FULFILLMENT_RELATION|UNIQUE_ACTIVE_MANAGED_ACCOUNT_RELATION","1","sold","27","1","2","2","false","false","false","false","false","false","false","","0","","4 kandidat VPS memenuhi relasi exact"
"AMBIGUOUS","SOLD_HISTORICAL","Netflix","NETFLIX_SHARED","89","'Netflix'!M89","Netflix Premium","ark***@kya.baby","Milk 🥛","nadia","","NORMAL","EMPTY","5","EXPLICIT_ROW_RELATION_MULTIPLE","UNIQUE_HISTORICAL_FULFILLMENT_RELATION|UNIQUE_ACTIVE_MANAGED_ACCOUNT_RELATION","1","sold","5","1","1","1","false","false","false","false","false","false","false","","0","","5 kandidat VPS memenuhi relasi exact"
"AMBIGUOUS","SOLD_HISTORICAL","Netflix","NETFLIX_SHARED","90","'Netflix'!M90","Netflix Premium","ark***@kya.baby","Pear 🍐","alilah","","NORMAL","EMPTY","5","EXPLICIT_ROW_RELATION_MULTIPLE","UNIQUE_HISTORICAL_FULFILLMENT_RELATION|UNIQUE_ACTIVE_MANAGED_ACCOUNT_RELATION","1","sold","5","1","1","1","false","false","false","false","false","false","false","","0","","5 kandidat VPS memenuhi relasi exact"
"AMBIGUOUS","SOLD_HISTORICAL","Netflix","NETFLIX_SHARED","91","'Netflix'!M91","Netflix Premium","ark***@kya.baby","Twinkle ✨","Raya","","NORMAL","EMPTY","6","EXPLICIT_ROW_RELATION_MULTIPLE","UNIQUE_ACTIVE_MANAGED_ACCOUNT_RELATION","1","sold","26","1","19","4","true","false","false","false","false","false","false","","0","","6 kandidat VPS memenuhi relasi exact"
"AMBIGUOUS","SOLD_HISTORICAL","Netflix","NETFLIX_SHARED","92","'Netflix'!M92","Netflix Premium","ark***@kya.baby","Velvet 🎀","Nadia","","NORMAL","EMPTY","4","EXPLICIT_ROW_RELATION_MULTIPLE","UNIQUE_ACTIVE_MANAGED_ACCOUNT_RELATION","1","sold","8","1","2","2","false","false","false","false","false","false","false","","0","","4 kandidat VPS memenuhi relasi exact"
"AMBIGUOUS","SOLD_HISTORICAL","Netflix","NETFLIX_SHARED","93","'Netflix'!M93","Netflix Premium","ark***@kya.baby","Lily 🌸","val","","NORMAL","EMPTY","5","EXPLICIT_ROW_RELATION_MULTIPLE","UNIQUE_ACTIVE_MANAGED_ACCOUNT_RELATION","1","sold","12","1","7","4","true","false","false","false","false","false","false","","0","","5 kandidat VPS memenuhi relasi exact"
"AMBIGUOUS","AVAILABLE_WITHOUT_STOCK_ID","Netflix","NETFLIX_SHARED","94","'Netflix'!M94","Netflix Premium","hen***@kya.baby","Baguette 🥖","","","NORMAL","EMPTY","4","EXPLICIT_ROW_RELATION_MULTIPLE","","1","available","6","0","2","2","false","true","true","true","true","true","true","","0","","4 kandidat VPS memenuhi relasi exact"
"AMBIGUOUS","SOLD_HISTORICAL","Netflix","NETFLIX_SHARED","95","'Netflix'!M95","Netflix Premium","hen***@kya.baby","Toast 🍞","sena","ORD-MS1D***EVTS","NORMAL","EMPTY","4","EXPLICIT_ROW_RELATION_MULTIPLE","UNIQUE_ACTIVE_MANAGED_ACCOUNT_RELATION","1","sold","6","1","3","3","false","false","false","false","false","false","false","","0","","4 kandidat VPS memenuhi relasi exact"
"AMBIGUOUS","SOLD_HISTORICAL","Netflix","NETFLIX_SHARED","96","'Netflix'!M96","Netflix Premium","hen***@kya.baby","Pretzel 🥨","val","ORD-MS1C***2M4Z","NORMAL","EMPTY","4","EXPLICIT_ROW_RELATION_MULTIPLE","UNIQUE_ACTIVE_MANAGED_ACCOUNT_RELATION","1","sold","6","1","2","2","false","false","false","false","false","false","false","","0","","4 kandidat VPS memenuhi relasi exact"
"AMBIGUOUS","SOLD_HISTORICAL","Netflix","NETFLIX_SHARED","97","'Netflix'!M97","Netflix Premium","hen***@kya.baby","Bagel 🥯","neeca","","NORMAL","EMPTY","5","EXPLICIT_ROW_RELATION_MULTIPLE","UNIQUE_HISTORICAL_FULFILLMENT_RELATION|UNIQUE_ACTIVE_MANAGED_ACCOUNT_RELATION","1","sold","8","1","1","1","false","false","false","false","false","false","false","","0","","5 kandidat VPS memenuhi relasi exact"
"AMBIGUOUS","SOLD_HISTORICAL","Netflix","NETFLIX_SHARED","98","'Netflix'!M98","Netflix Premium","hen***@kya.baby","Croissant 🥐","val","","NORMAL","EMPTY","4","EXPLICIT_ROW_RELATION_MULTIPLE","UNIQUE_ACTIVE_MANAGED_ACCOUNT_RELATION","1","sold","6","1","4","2","false","false","false","false","false","false","false","","0","","4 kandidat VPS memenuhi relasi exact"
"AMBIGUOUS","PROBLEM_OR_DISABLED","Netflix","NETFLIX_SHARED","99","'Netflix'!M99","Netflix Premium","dub***@kya.baby","Lily 🌸","flora","","BERMASALAH","EMPTY","3","EXPLICIT_ROW_RELATION_MULTIPLE","UNIQUE_ACTIVE_MANAGED_ACCOUNT_RELATION","1","sold","5","1","0","0","false","false","false","false","false","false","false","","0","","3 kandidat VPS memenuhi relasi exact"
"AMBIGUOUS","PROBLEM_OR_DISABLED","Netflix","NETFLIX_SHARED","100","'Netflix'!M100","Netflix Premium","jok***@kya.baby","Bacon 🥓","bintang","","BERMASALAH","EMPTY","4","EXPLICIT_ROW_RELATION_MULTIPLE","UNIQUE_ACTIVE_MANAGED_ACCOUNT_RELATION","1","sold","6","1","3","3","false","false","false","false","false","false","false","","0","","4 kandidat VPS memenuhi relasi exact"
"AMBIGUOUS","PROBLEM_OR_DISABLED","Netflix","NETFLIX_SHARED","101","'Netflix'!M101","Netflix Premium","jok***@kya.baby","Milk 🥛","nadia","","BERMASALAH","EMPTY","4","EXPLICIT_ROW_RELATION_MULTIPLE","UNIQUE_HISTORICAL_FULFILLMENT_RELATION|UNIQUE_ACTIVE_MANAGED_ACCOUNT_RELATION","1","sold","5","1","1","1","false","false","false","false","false","false","false","","0","","4 kandidat VPS memenuhi relasi exact"
"AMBIGUOUS","PROBLEM_OR_DISABLED","Netflix","NETFLIX_SHARED","102","'Netflix'!M102","Netflix Premium","jok***@kya.baby","Sausage 🌭","bintang","","BERMASALAH","EMPTY","4","EXPLICIT_ROW_RELATION_MULTIPLE","UNIQUE_ACTIVE_MANAGED_ACCOUNT_RELATION","1","sold","10","1","2","2","false","false","false","false","false","false","false","","0","","4 kandidat VPS memenuhi relasi exact"
"AMBIGUOUS","PROBLEM_OR_DISABLED","Netflix","NETFLIX_SHARED","103","'Netflix'!M103","Netflix Premium","ala***@wesaveearth.xyz","a","julia","","BERMASALAH","EMPTY","4","EXPLICIT_ROW_RELATION_MULTIPLE","","1","sold","15","0","3","3","false","false","false","false","false","false","false","","0","","4 kandidat VPS memenuhi relasi exact"
"AMBIGUOUS","PROBLEM_OR_DISABLED","Netflix","NETFLIX_SHARED","105","'Netflix'!M105","Netflix Premium","ala***@wesaveearth.xyz","e","rimao","","BERMASALAH","EMPTY","4","EXPLICIT_ROW_RELATION_MULTIPLE","","1","sold","9","0","0","0","false","false","false","false","false","false","false","","0","","4 kandidat VPS memenuhi relasi exact"
"UNMATCHED","NEW_UNTRACKED_STOCK","Netflix","NETFLIX_SINGLESCREEN","4","'Netflix'!AO4","Netflix Premium","eve***@kya.baby","EVE","","","NORMAL","EMPTY","0","","","0","","0","0","0","0","false","false","true","false","false","false","false","","0","CREATE_NEW_STOCK_ID_CANDIDATE","tidak ada record VPS dengan identitas exact pada produk/pool yang sama"
"UNMATCHED","NEW_UNTRACKED_STOCK","Netflix","NETFLIX_SINGLESCREEN","5","'Netflix'!AO5","Netflix Premium","lok***@Kya.baby","LOKASKO","","","NORMAL","EMPTY","0","","","0","","0","0","0","0","false","false","true","false","false","false","false","","0","CREATE_NEW_STOCK_ID_CANDIDATE","tidak ada record VPS dengan identitas exact pada produk/pool yang sama"
"UNMATCHED","NEW_UNTRACKED_STOCK","Netflix","NETFLIX_SINGLESCREEN","6","'Netflix'!AO6","Netflix Premium","kan***@kya.baby","KANG DEDI","","","NORMAL","EMPTY","0","","","0","","0","0","0","0","false","false","true","false","false","false","false","","0","CREATE_NEW_STOCK_ID_CANDIDATE","tidak ada record VPS dengan identitas exact pada produk/pool yang sama"
"UNMATCHED","NEW_UNTRACKED_STOCK","Prime","PRIME_3U","4","'Prime'!K4","Prime Video","puh***@nexouspace.com","","","","NORMAL","EMPTY","0","","","0","","0","0","0","0","false","false","true","false","false","false","false","","0","CREATE_NEW_STOCK_ID_CANDIDATE","tidak ada record VPS dengan identitas exact pada produk/pool yang sama"
"UNMATCHED","NEW_UNTRACKED_STOCK","Prime","PRIME_3U","5","'Prime'!K5","Prime Video","puh***@nexouspace.com","","","","NORMAL","EMPTY","0","","","0","","0","0","0","0","false","false","true","false","false","false","false","","0","CREATE_NEW_STOCK_ID_CANDIDATE","tidak ada record VPS dengan identitas exact pada produk/pool yang sama"
"UNMATCHED","NEW_UNTRACKED_STOCK","Prime","PRIME_3U","6","'Prime'!K6","Prime Video","puh***@nexouspace.com","","","","NORMAL","EMPTY","0","","","0","","0","0","0","0","false","false","true","false","false","false","false","","0","CREATE_NEW_STOCK_ID_CANDIDATE","tidak ada record VPS dengan identitas exact pada produk/pool yang sama"
"AMBIGUOUS","DUPLICATE_OR_AMBIGUOUS_HISTORY","Vidio","VIDIO_PLATINUM_ALL_DEVICE","4","'Vidio'!AI4","Vidio","302***@univpancasila.ac.id","","","","NORMAL","EMPTY","2","EXPLICIT_ROW_RELATION_MULTIPLE","UNIQUE_HISTORICAL_FULFILLMENT_RELATION","1","available","5","0","3","1","true","true","false","true","true","true","true","","0","","2 kandidat VPS memenuhi relasi exact"
